MSI H81M-E33 DDR3 4th Gen.LGA 1150 Socket Mainboard (HDMI),https://ryanscomputers.com/components/mainboard/msi-h81m-e33-ddr3-4th-gen-lga-1150-socket-mainboard.html,"4,700

"
Gigabyte GA-A75M-D2H DDR3 FM1 Socket AMD Mainboard,https://ryanscomputers.com/components/mainboard/gigabyte-ga-a75m-d2h-ddr3-fm1-socket-amd-mainboard.html,"4,700

"
Asrock H110M-G/M.2 DDR4 6th/7th Gen LGA1151 Socket Mainboard,https://ryanscomputers.com/asrock-h110m-g-m-2-ddr4-6th-7th-gen-lga1151-socket-mainboard.html,"5,000

"
Gigabyte GA-J1800M-D3P Built In 2.41GHz DDR3 Celeron Processor+Mainboard (Combo),https://ryanscomputers.com/components/mainboard/gigabyte-ga-j1800m-d3p-built-in-2-41ghz-ddr3-celeron-processor-mainboard-combo.html,"5,100

"
Asrock H110M-HDV R3.0 DDR4 7th Gen LGA1151 Socket Mainboard,https://ryanscomputers.com/asrock-h110m-hdv-r3-0-ddr4-7th-gen-lga1151-socket-mainboard.html,"5,100

"
Gigabyte GA-H110M-DS2V DDR3 6th Gen Intel LGA1151 Socket Mainboard,https://ryanscomputers.com/gigabyte-ga-h110m-ds2v-ddr3-6th-gen-intel-lga1151-socket-mainboard.html,"5,200

"
Gigabyte GA-H110M-DS2V WP DDR4 6th/7th Gen Intel LGA1151 Socket Mainboard,https://ryanscomputers.com/components/mainboard/gigabyte-ga-h110m-ds2v-wp-ddr4-6th-7th-gen-intel-lga1151-socket-mainboard.html,"5,300

"
Gigabyte GA-H110M-DS2V DDR4 7th Gen.LGA1151 Socket Mainboard (Business Edition),https://ryanscomputers.com/gigabyte-ga-h110m-ds2v-ddr4-7th-gen-lga1151-socket-mainboard-business-edition.html,"5,300

"
Gigabyte GA-H110M-DS2 DDR4 6th/7th Gen LGA1151 Socket Mainboard,https://ryanscomputers.com/gigabyte-ga-h110m-ds2-ddr4-6th-7th-gen-lga1151-socket-mainboard.html,"5,300

"
Gigabyte GA-A320M-S2H DDR4 AM4 Scocket AMD Mainboard,https://ryanscomputers.com/gigabyte-ga-a320m-s2h-ddr4-am4-scocket-amd-mainboard-8941.html,"5,300

"
Asus H81M-K DDR3 4Th Gen. Intel LGA1150 Socket Mainboard,https://ryanscomputers.com/asus-h81m-k-ddr3-4th-gen-intel-lga1150-socket-mainboard.html,"5,300

"
Asus H81M-C DDR3 4th Gen.LGA1150 Socket Mainboard,https://ryanscomputers.com/components/mainboard/asus-h81m-c-ddr3-4th-gen-lga1150-socket-mainboard.html,"5,400

"
Gigabyte GA-H110M-S2 DDR4 6th/7th Gen Intel LGA1151 Socket Mainboard,https://ryanscomputers.com/gigabyte-ga-h110m-s2-ddr4-6th-7th-gen-intel-lga1151-socket-mainboard.html,"5,400

"
Asus H81M-P DDR3 4th Gen.LGA1150 Socket Mainboard,https://ryanscomputers.com/components/mainboard/asus-h81m-p-ddr3-4th-gen-lga1150-socket-mainboard.html,"5,500

"
MSI H110M PRO-VD PLUS DDR4 6th/7th Gen.LGA1151 Mainboard,https://ryanscomputers.com/components/mainboard/msi-h110m-pro-vd-plus-ddr4-6th-gen-lga1151-mainboard.html,"5,500

"
Asus H110M-K/C/SI 6th/7th Gen Intel LGA1151 Socket Business edition Mainboard (No Box),https://ryanscomputers.com/asus-h110m-k-c-si-6th-7th-gen-intel-lga1151-socket-business-edition-mainboard-no-box.html,"5,500

"
Asus H110M-CS 6th/7th Gen Intel LGA1151 Socket Mainboard,https://ryanscomputers.com/asus-h110m-cs-6th-7th-gen-intel-lga1151-socket-mainboard.html,"5,500

"
MSI A320M PRO-VH PLUS DDR4 AMD AM4 Socket Mainboard,https://ryanscomputers.com/msi-a320m-pro-vh-plus-ddr4-amd-am4-socket-mainboard-11124.html,"5,500

"
Gigabyte GA-H110M-H DDR4 6th/7th Gen Intel LGA1151 Socket Mainboard,https://ryanscomputers.com/gigabyte-ga-h110m-h-ddr4-6th-7th-gen-intel-lga1151-socket-mainboard.html,"5,500

"
Asus PRIME J3355i-C DDR3 Mini ITX Mainboard with built in Intel Celeron Dual Core J3355 2.0-2.50GHz Processor (Bulk),https://ryanscomputers.com/asus-prime-j3355i-c-ddr3-mini-itx-mainboard-with-built-in-intel-celeron-dual-core-j3355-2-0-2-50ghz-processor-bulk.html,"5,500

"
Gigabyte GA-H110M-S2PH DDR4 6th/7th Gen.LGA1151 Socket Mainboard,https://ryanscomputers.com/components/mainboard/gigabyte-ga-h110m-s2ph-ddr4-6th-7th-gen-lga1151-socket-mainboard.html,"5,700

"
MSI H110M PRO-VH PLUS DDR4 6th/7th Gen.LGA1151 Mainboard,https://ryanscomputers.com/components/mainboard/msi-h110m-pro-vh-plus-ddr4-6th-gen-lga1151-mainboard.html,"5,700

"
"Asus H110M-E/M.2 DDR4 6th/7th Gen.LGA1151 Socket Mainboard (HDMI, VGA)",https://ryanscomputers.com/asus-h110m-e-m-2-ddr4-6th-7th-gen-lga1151-socket-mainboard-hdmi-vga.html,"5,700

"
Gigabyte GA-H61M-S DDR3 LGA1155 Socket Mainboard,https://ryanscomputers.com/gigabyte-ga-h61m-s-ddr3-lga1155-socket-mainboard.html,"5,700

"
Gigabyte GA-A320M-HD2 DDR4 am4 Socket AMD Mainboard,https://ryanscomputers.com/components/mainboard/gigabyte-ga-a320m-hd2-ddr4-am4-socket-amd-mainboard.html,"5,750

"
MSI H110M PRO-VHL DDR4 6th/7th Gen.LGA 1151 Mainboard,https://ryanscomputers.com/components/mainboard/msi-h110m-pro-vhl-ddr4-6th-gen-lga-1151-mainboard.html,"5,800

"
Gigabyte GA-H110M-M.2 DDR4 6th/7th Gen LGA1151 Socket Mainboard,https://ryanscomputers.com/gigabyte-ga-h110m-m-2-ddr4-6th-7th-gen-lga1151-socket-mainboard.html,"5,800

"
Biostar H310MHD PRO DDR4 8th Gen LGA1151 Socket Mainboard,https://ryanscomputers.com/biostar-h310mhd-pro-ddr4-8th-gen-lga1151-socket-mainboard.html,"5,900

"
Asrock B250M-HDV DDR4 7th Gen. LGA1151 Socket Mainboard,https://ryanscomputers.com/asrock-b250m-hdv-ddr4-7th-gen-lga1151-socket-mainboard.html,"6,300

"
Biostar B360MHD PRO DDR4 8th Gen LGA1151 Socket Mainboard,https://ryanscomputers.com/biostar-b360mhd-pro-ddr4-8th-gen-lga1151-socket-mainboard.html,"6,300

"
Gigabyte GA-B250M-D2V DDR4 6th/7th Gen Intel LGA1151 Socket Mainboard,https://ryanscomputers.com/gigabyte-ga-b250m-d2v-ddr4-6th-7th-gen-intel-lga1151-socket-mainboard.html,"6,300

"
ASUS Prime A320M-K DDR4 AMD AM4 Socket Mainboard,https://ryanscomputers.com/asus-prime-a320m-k-ddr4-amd-am4-socket-mainboard.html,"6,300

"
Asus H61M-K DDR3 3rd Gen.LGA1155 Socket Mainboard (VGA),https://ryanscomputers.com/components/mainboard/asus-h61m-k-ddr3-3rd-gen-lga1155-socket-mainboard.html,"6,400

"
Asrock H310M-HDV/M.2 DDR4 8th Gen LGA1151 Socket Mainboard,https://ryanscomputers.com/asrock-h310m-hdv-m-2-ddr4-8th-gen-lga1151-socket-mainboard.html,"6,400

"
MSI H310M PRO-VH DDR4 8th Gen LGA1151 Socket Mainboard,https://ryanscomputers.com/msi-h310m-pro-vh-ddr4-8th-gen-lga1151-socket-mainboard.html,"6,600

"
Asus PRIME H310M-K 8th Gen Intel LGA1151 Socket Mainboard,https://ryanscomputers.com/asus-prime-h310m-k-8th-gen-intel-lga1151-socket-mainboard.html,"6,700

"
Asus PRIME H310M-K R2.0 DDR4 8th Gen Intel LGA1151 Socket Mainboard,https://ryanscomputers.com/asus-prime-h310m-k-r2-0-ddr4-8th-gen-intel-lga1151-socket-mainboard.html,"6,700

"
Asus EX-H310M-V3 DDR4 8th Gen Intel LGA1151 Socket Mainboard,https://ryanscomputers.com/asus-ex-h310m-v3-ddr4-8th-gen-intel-lga1151-socket-mainboard.html,"6,700

"
Gigabyte GA-H170-HD3 DDR3 6th Gen.LGA1151 Socket Mainboard,https://ryanscomputers.com/components/mainboard/gigabyte-ga-h170-hd3-ddr3-6th-gen-lga1151-socket-mainboard.html,"6,800

"
Gigabyte H310M DS2V DDR4 8th Gen LGA1151 Socket Mainboard,https://ryanscomputers.com/gigabyte-h310m-ds2v-ddr4-8th-gen-lga1151-socket-mainboard.html,"6,800

"
Gigabyte GA-H310M H DDR4 8th Gen LGA1151 Socket Mainboard,https://ryanscomputers.com/gigabyte-ga-h310m-h-ddr4-8th-gen-lga1151-socket-mainboard.html,"6,800

"
Gigabyte H310M S2P DDR4 8th Gen Intel LGA1151 Socket Mainboard,https://ryanscomputers.com/gigabyte-h310m-s2p-ddr4-8th-gen-intel-lga1151-socket-mainboard.html,"6,800

"
Asus PRIME H310M-E R2.0 DDR4 8th Gen Intel LGA1151 Socket Mainboard,https://ryanscomputers.com/asus-prime-h310m-e-r2-0-ddr4-8th-gen-intel-lga1151-socket-mainboard.html,"6,900

"
Gigabyte H310M DS2 DDR4 8th Gen LGA1151 Socket Mainboard,https://ryanscomputers.com/gigabyte-h310m-ds2-ddr4-8th-gen-lga1151-socket-mainboard.html,"7,000

"
Gigabyte H310M S2 DDR4 8th Gen Intel LGA1151 Socket Mainboard,https://ryanscomputers.com/gigabyte-h310m-s2-ddr4-8th-gen-intel-lga1151-socket-mainboard.html,"7,000

"
Asus PRIME H310M-C/CSM DDR4 8th Gen Intel LGA1151 Socket Mainboard,https://ryanscomputers.com/asus-prime-h310m-c-csm-ddr4-8th-gen-intel-lga1151-socket-mainboard.html,"7,000

"
Asus PRIME H310M-D DDR4 8th Gen LGA1151 Socket Mainboard,https://ryanscomputers.com/asus-prime-h310m-d-ddr4-8th-gen-lga1151-socket-mainboard.html,"7,100

"
Asus PRIME B250M-K DDR4 7th Gen.LGA1151 Socket Mainboard,https://ryanscomputers.com/components/mainboard/asus-prime-b250m-k-ddr4-7th-gen-lga1151-socket-mainboard.html,"7,150

"
Asus EX-A320M-GAMING AM4 Socket mainboard for AMD Ryzen Series processor,https://ryanscomputers.com/components/mainboard/asus-ex-a320m-gaming-am4-socket-mainboard-for-amd-ryzen-series-processor.html,"7,200

"
Asrock B360M-HDV DDR4 8th Gen LGA1151 Socket Mainboard,https://ryanscomputers.com/asrock-b360m-hdv-ddr4-8th-gen-lga1151-socket-mainboard.html,"7,200

"
Gigabyte GA-Z170M-D3H DDR3 6th/7th Gen.LGA1151 Socket Mainboard,https://ryanscomputers.com/components/mainboard/gigabyte-ga-z170m-d3h-ddr3-6th-7th-gen-lga1151-socket-mainboard.html,"7,300

"
Asus PRIME B250M-D DDR4 7th Gen.LGA1151 Socket Mainboard,https://ryanscomputers.com/components/mainboard/asus-prime-b250m-d-ddr4-7th-gen-lga1151-socket-mainboard.html,"7,500

"
MSI B360M PRO-VH DDR4 8th Gen LGA1151 Socket Mainboard with Turbo M.2,https://ryanscomputers.com/msi-b360m-pro-vh-ddr4-8th-gen-lga1151-socket-mainboard-with-turbo-m-2.html,"7,600

"
Gigabyte B360M D2V DDR4 8th Gen LGA1151 Socket Mainboard,https://ryanscomputers.com/gigabyte-b360m-d2v-ddr4-8th-gen-lga1151-socket-mainboard.html,"7,600

"
Gigabyte B360M D3V DDR4 8th Gen LGA1151 Socket Mainboard,https://ryanscomputers.com/gigabyte-b360m-d3v-ddr4-8th-gen-lga1151-socket-mainboard.html,"7,800

"
Gigabyte GA-H310N DDR4 8th Gen Intel LGA1151 Socket,https://ryanscomputers.com/gigabyte-ga-h310n-ddr4-8th-gen-intel-lga1151-socket.html,"7,800

"
Gigabyte GA-B360M H DDR4 8th Gen Intel LGA1151 Socket,https://ryanscomputers.com/gigabyte-ga-b360m-h-ddr4-8th-gen-intel-lga1151-socket.html,"7,800

"
MSI B450M PRO-M2 V2 DDR4 2nd Gen AMD AM4 Socket Mainboard,https://ryanscomputers.com/msi-b450m-pro-m2-v2-ddr4-2nd-gen-amd-am4-socket-mainboard.html,"7,800

"
Gigabyte B360M HD3 DDR4 8th Gen LGA1151 Socket Mainboard,https://ryanscomputers.com/gigabyte-b360m-hd3-ddr4-8th-gen-lga1151-socket-mainboard.html,"8,000

"
Asus PRIME B360M-K DDR4 8th Gen LGA1151 Socket Mainboard,https://ryanscomputers.com/asus-prime-b360m-k-ddr4-8th-gen-lga1151-socket-mainboard.html,"8,250

"
Gigabyte B360M DS3H DDR4 8th Gen Intel LGA1151 Socket Mainboard,https://ryanscomputers.com/gigabyte-b360m-ds3h-ddr4-8th-gen-intel-lga1151-socket-mainboard.html,"8,500

"
Gigabyte B360M D3H DDR4 8th Gen LGA1151 Socket Mainboard,https://ryanscomputers.com/gigabyte-b360m-d3h-ddr4-8th-gen-lga1151-socket-mainboard.html,"8,800

"
MSI B360M BAZOOKA DDR4 8th Gen LGA1151 Socket Mainboard with Turbo M.2,https://ryanscomputers.com/msi-b360m-bazooka-ddr4-8th-gen-lga1151-socket-mainboard-with-turbo-m-2.html,"8,900

"
MSI B360M Gaming Plus DDR4 8th Gen Intel LGA1151 Socket Mainboard,https://ryanscomputers.com/msi-b360m-gaming-plus-ddr4-8th-gen-intel-lga1151-socket-mainboard.html,"8,900

"
Gigabyte B360 HD3 DDR4 8th Gen LGA1151 Socket Mainboard,https://ryanscomputers.com/gigabyte-b360-hd3-ddr4-8th-gen-lga1151-socket-mainboard.html,"9,000

"
Asus TUF B360M-E GAMING DDR4 8th Gen Intel LGA1151 Socket Mainboard,https://ryanscomputers.com/asus-tuf-b360m-e-gaming-ddr4-8th-gen-intel-lga1151-socket-mainboard.html,"9,000

"
Asus PRIME B450M-A DDR4 AMD AM4 Socket Mainboard,https://ryanscomputers.com/asus-prime-b450m-a-ddr4-amd-am4-socket-mainboard.html,"9,100

"
Asus PRIME B250M-A DDR4 7th Gen.LGA1151 Socket Mainboard,https://ryanscomputers.com/components/mainboard/asus-prime-b250m-a-ddr4-7th-gen-lga1151-socket-mainboard.html,"9,200

"
Asus PRIME B360M-A DDR4 8th Gen LGA1151 Socket Mainboard,https://ryanscomputers.com/asus-prime-b360m-a-ddr4-8th-gen-lga1151-socket-mainboard.html,"9,250

"
Gigabyte B360M AORUS Gaming 3 DDR4 8th Gen LGA1151 Socket Mainboard,https://ryanscomputers.com/gigabyte-b360m-aorus-gaming-3-ddr4-8th-gen-lga1151-socket-mainboard.html,"9,500

"
Gigabyte H370M DS3H DDR4 8th Gen LGA1151 Socket Mainboard,https://ryanscomputers.com/gigabyte-h370m-ds3h-ddr4-8th-gen-lga1151-socket-mainboard.html,"9,900

"
Asus TUF B360M-PLUS GAMING DDR4 8th Gen LGA1151 Socket Mainboard,https://ryanscomputers.com/asus-tuf-b360m-plus-gaming-ddr4-8th-gen-lga1151-socket-mainboard.html,"10,050

"
Asus PRIME B450-PLUS DDR4 AMD AM4 Socket Mainboard,https://ryanscomputers.com/asus-prime-b450-plus-ddr4-amd-am4-socket-mainboard.html,"10,200

"
Asus PRIME B360-PLUS DDR4 8th Gen LGA1151 Socket Mainboard,https://ryanscomputers.com/asus-prime-b360-plus-ddr4-8th-gen-lga1151-socket-mainboard.html,"10,500

"
Asus ROG STRIX B360-G GAMING DDR4 8th Gen LGA1151 Socket Mainboard,https://ryanscomputers.com/asus-rog-strix-b360-g-gaming-ddr4-8th-gen-lga1151-socket-mainboard.html,"10,600

"
Gigabyte GA-H170 Gaming 3 DDR3 6th/7th gen. LGA1151 Socket Mainboard,https://ryanscomputers.com/components/mainboard/gigabyte-ga-h170-gaming-3-ddr3-6th-7th-gen-lga1151-socket-mainboard.html,"10,700

"
Gigabyte H370M D3H DDR4 8th Gen LGA1151 Socket Mainboard,https://ryanscomputers.com/gigabyte-h370m-d3h-ddr4-8th-gen-lga1151-socket-mainboard.html,"10,700

"
Gigabyte Z370M DS3H DDR4 8th Gen Intel LGA1151 Socket Mainboard,https://ryanscomputers.com/gigabyte-z370m-ds3h-ddr4-8th-gen-intel-lga1151-socket-mainboard.html,"10,900

"
Gigabyte B360 AORUS Gaming 3 WIFI 8th Gen LGA1151 Socket Mainboard,https://ryanscomputers.com/gigabyte-b360-aorus-gaming-3-wifi-8th-gen-lga1151-socket-mainboard.html,"11,200

"
Gigabyte B360 AORUS GAMING 3 DDR4 8th Gen LGA1151 Socket Mainboard,https://ryanscomputers.com/gigabyte-b360-aorus-gaming-3-ddr4-8th-gen-lga1151-socket-mainboard.html,"11,200

"
Asus TUF B450-PLUS GAMING DDR4 AMD AM4 Socket Mainboard,https://ryanscomputers.com/asus-tuf-b450-plus-gaming-ddr4-amd-am4-socket-mainboard.html,"11,200

"
MSI H370M BAZOOKA DDR4 8th Gen Intel LGA1151 Socket Mainboard,https://ryanscomputers.com/msi-h370m-bazooka-ddr4-8th-gen-intel-lga1151-socket-mainboard.html,"11,400

"
Gigabyte H370 HD3 DDR4 8th Gen LGA1151 Socket Mainboard,https://ryanscomputers.com/gigabyte-h370-hd3-ddr4-8th-gen-lga1151-socket-mainboard.html,"11,400

"
Asus B150 PRO Gaming D3 DDR3 6h Gen.LGA1151 Socket Mainboard,https://ryanscomputers.com/components/mainboard/asus-b150-pro-gaming-d3-ddr3-6h-gen-lga1151-socket-mainboard.html,"11,500

"
Asus PRIME H370-A DDR4 8th Gen LGA1151 Socket Mainboard,https://ryanscomputers.com/asus-prime-h370-a-ddr4-8th-gen-lga1151-socket-mainboard.html,"11,500

"
Asus ROG STRIX B360-H GAMING 8th Gen Intel LGA1151 Socket Mainboard,https://ryanscomputers.com/asus-rog-strix-b360-h-gaming-8th-gen-intel-lga1151-socket-mainboard.html,"11,500

"
MSI B450 TOMAHAWK DDR4 AMD AM4 Socket Mainboard,https://ryanscomputers.com/msi-b450-tomahawk-ddr4-amd-am4-socket-mainboard.html,"11,500

"
Asrock Z370M Pro4 DDR4 8th Gen LGA1151 Socket Mainboard,https://ryanscomputers.com/asrock-z370m-pro4-ddr4-8th-gen-lga1151-socket-mainboard.html,"11,750

"
Asrock Fatal1ty B360 Gaming K4 DDR4 8th Gen LGA1151 Socket Mainboard,https://ryanscomputers.com/asrock-fatal1ty-b360-gaming-k4-ddr4-8th-gen-lga1151-socket-mainboard.html,"12,000

"
Gigabyte Z390 UD DDR4 Intel 8th/9th Gen LGA1151 Socket Mainboard,https://ryanscomputers.com/gigabyte-z390-ud-ddr4-intel-8th-9th-gen-lga1151-socket-mainboard.html,"12,100

"
Gigabyte Z370M D3H DDR4 8th Gen Intel LGA1151 Mainboard,https://ryanscomputers.com/gigabyte-z370m-d3h-ddr4-8th-gen-intel-lga1151-mainboard.html,"12,200

"
Gigabyte GA-X150-PRO ECC C232 Chipset DDR4 6th/7th/E3 Gen Intel LGA1151 Socket Mainboard,https://ryanscomputers.com/gigabyte-ga-x150-pro-ecc-c232-chipset-ddr4-6th-7th-e3-gen-intel-lga1151-socket-mainboard.html,"12,300

"
Asus TUF B360-PRO GAMING Wifi DDR4 8th Gen LGA1151 Socket Mainboard,https://ryanscomputers.com/asus-tuf-b360-pro-gaming-wifi-ddr4-8th-gen-lga1151-socket-mainboard.html,"12,500

"
Asus TUF B360-PRO GAMING (WI-FI) 8th Gen Intel LGA1151 Socket Mainboard,https://ryanscomputers.com/asus-tuf-b360-pro-gaming-wi-fi-8th-gen-intel-lga1151-socket-mainboard.html,"12,500

"
Asus PRIME Z270-P DDR4 7th Gen.LGA1151 Socket Mainboard,https://ryanscomputers.com/asus-prime-z270-p-ddr4-7th-gen-lga1151-socket-mainboard.html,"12,600

"
Gigabyte Z390 M GAMING DDR4 8th/9th Gen Intel LGA1151 Socket Mainboard,https://ryanscomputers.com/gigabyte-z390-m-gaming-ddr4-8th-9th-gen-intel-lga1151-socket-mainboard.html,"12,800

"
Asus Z170-P D3 DDR3 6th/7th Gen.LGA1151 Socket Mainboard,https://ryanscomputers.com/components/mainboard/asus-z170-p-d3-ddr3-6th-7th-gen-lga1151-socket-mainboard.html,"13,000

"
Gigabyte Z370 HD3 DDR4 8th Gen Intle LGA1151 Socket Mainboard,https://ryanscomputers.com/gigabyte-z370-hd3-ddr4-8th-gen-intle-lga1151-socket-mainboard.html,"13,000

"
Asus ROG STRIX B360-F GAMING DDR4 8th Gen LGA1151 Socket Mainboard,https://ryanscomputers.com/asus-rog-strix-b360-f-gaming-ddr4-8th-gen-lga1151-socket-mainboard.html,"13,150

"
MSI X470 GAMING PLUS DDR4 AMD AM4 Socket Mainboard,https://ryanscomputers.com/msi-x470-gaming-plus-ddr4-amd-am4-socket-mainboard.html,"13,200

"
Asus Z170-P DDR4 6th Gen.LGA1151 Socket Mainboard,https://ryanscomputers.com/components/mainboard/asus-z170-p-ddr4-6th-gen-lga1151-socket-mainboard.html,"13,300

"
Gigabyte GA-AX370-Gaming DDR4 AM4 Socket AMD Mainboard,https://ryanscomputers.com/gigabyte-ga-ax370-gaming-ddr4-am4-socket-amd-mainboard.html,"13,400

"
Asus E3 Gaming V5 DDR4 6th/7th Gen.LGA1151 Socket (Xeon) Mainboard (for 24/7 running),https://ryanscomputers.com/components/mainboard/asus-e3-gaming-v5-ddr4-6th-7th-gen-lga1151-socket-xeon-mainboard-for-24-7-running.html,"13,500

"
Gigabyte Z370N WiFi Ultra Durable DDR4 8th Gen Intel LGA1151 Socket Mainboard,https://ryanscomputers.com/gigabyte-z370n-wifi-ultra-durable-ddr4-8th-gen-intel-lga1151-socket-mainboard.html,"13,500

"
Asus TUF H370-PRO GAMING DDR4 8th Gen LGA1151 Socket WiFi Mainboard,https://ryanscomputers.com/asus-tuf-h370-pro-gaming-ddr4-8th-gen-lga1151-socket-wifi-mainboard.html,"13,500

"
Asus ROG Strix B450-F Gaming DDR4 AMD AM4 Socket Mainboard,https://ryanscomputers.com/asus-rog-strix-b450-f-gaming-ddr4-amd-am4-socket-mainboard.html,"13,500

"
Asus PRIME X370-A DDR4 AMD AM4 Socket Mainboard,https://ryanscomputers.com/asus-prime-x370-a-ddr4-amd-am4-socket-mainboard.html,"13,500

"
MSI B360 Gaming Pro Carbon DDR4 8th Gen LGA 1151 Socket Mainboard with2x Turbo M.2 and Mystic Light,https://ryanscomputers.com/msi-b360-gaming-pro-carbon-ddr4-8th-gen-lga-1151-socket-mainboard-with2x-turbo-m-2-and-mystic-light.html,"13,600

"
Gigabyte H370 AORUS GAMING 3 WIFI DDR4 LGA1151 Socket Mainboard,https://ryanscomputers.com/gigabyte-h370-aorus-gaming-3-wifi-ddr4-lga1151-socket-mainboard.html,"14,000

"
Asus ROG STRIX B360-I GAMING 8th Gen Intel LGA1151 Socket Mainboard,https://ryanscomputers.com/asus-rog-strix-b360-i-gaming-8th-gen-intel-lga1151-socket-mainboard.html,"14,000

"
Asus ROG STRIX H370-F GAMING DDR4 8th Gen LGA1151 Socket Mainboard,https://ryanscomputers.com/asus-rog-strix-h370-f-gaming-ddr4-8th-gen-lga1151-socket-mainboard.html,"14,050

"
Gigabyte Z390 GAMING X DDR4 Intel 8th/9th Gen LGA1151 Socket Mainboard,https://ryanscomputers.com/gigabyte-z390-gaming-x-ddr4-intel-8th-9th-gen-lga1151-socket-mainboard.html,"14,100

"
Gigabyte Z370XP SLI DDR4 8th Gen Intel LGA1151 Socket Mainboard,https://ryanscomputers.com/components/mainboard/gigabyte-z370xp-sli-ddr4-8th-gen-intel-lga1151-socket-mainboard.html,"14,500

"
MSI MPG Z390 GAMING PLUS DDR4 9th Gen Intel LGA1151 Socket Mainboard,https://ryanscomputers.com/msi-mpg-z390-gaming-plus-ddr4-9th-gen-intel-lga1151-socket-mainboard.html,"14,500

"
Asus PRIME Z370-P DDR4 8th Gen Intel LGA1151 Socket Mainboard,https://ryanscomputers.com/asus-prime-z370-p-ddr4-8th-gen-intel-lga1151-socket-mainboard.html,"14,650

"
Gigabyte Z390 GAMING SLI DDR4 Intel 8th/9th Gen LGA1151 Socket Mainboard,https://ryanscomputers.com/gigabyte-z390-gaming-sli-ddr4-intel-8th-9th-gen-lga1151-socket-mainboard.html,"14,800

"
Asus PRIME Z390M-PLUS DDR4 8th/9th Gen Intel LGA1151 Socket Mainboard,https://ryanscomputers.com/asus-prime-z390m-plus-ddr4-8th-9th-gen-intel-lga1151-socket-mainboard.html,"15,000

"
Gigabyte GA-AX370-Gaming K5 DDR4 AM4 Socket AMD Mainboard,https://ryanscomputers.com/gigabyte-ga-ax370-gaming-k5-ddr4-am4-socket-amd-mainboard-7721.html,"16,000

"
Asus ROG STRIX B450-I GAMING DDR4 AMD AM4 Socket Mainboard,https://ryanscomputers.com/asus-rog-strix-b450-i-gaming-ddr4-amd-am4-socket-mainboard.html,"16,100

"
Asus TUF Z370-PLUS GAMING 8th Gen Intel LGA1151 Socket Mainboard,https://ryanscomputers.com/asus-tuf-z370-plus-gaming-8th-gen-intel-lga1151-socket-mainboard.html,"16,200

"
Asus TUF Z370-PLUS GAMING II DDR4 8th Gen Intel LGA1151 Socket Mainboard,https://ryanscomputers.com/asus-tuf-z370-plus-gaming-ii-ddr4-8th-gen-intel-lga1151-socket-mainboard.html,"16,200

"
Asus B250 MINING EXPERT DDR4 7th Gen LGA-1151 Socket ATX Mining Mainboard with 19 PCIe slots,https://ryanscomputers.com/asus-b250-mining-expert-ddr4-7th-gen-lga-1151-socket-atx-mining-mainboard-with-19-pcie-slots.html,"16,500

"
Gigabyte Z390 AORUS Elite DDR4 Intel 8th/9th Gen LGA1151 Socket Mainboard,https://ryanscomputers.com/gigabyte-z390-aorus-elite-ddr4-intel-8th-9th-gen-lga1151-socket-mainboard.html,"16,500

"
Asus TUF Z390M-PRO GAMING DDR4 8th/9th Gen Intel LGA1151 Socket Mainboard,https://ryanscomputers.com/asus-tuf-z390m-pro-gaming-ddr4-8th-9th-gen-intel-lga1151-socket-mainboard.html,"17,500

"
Asus TUF Z390-PLUS GAMING DDR4 8th/9th Gen Intel LGA1151 Socket Mainboard,https://ryanscomputers.com/asus-tuf-z390-plus-gaming-ddr4-8th-9th-gen-intel-lga1151-socket-mainboard.html,"17,500

"
Asus ROG STRIX Z370-H GAMING DDR4 8th Gen Intel LGA1151 Socket Mainboard,https://ryanscomputers.com/asus-rog-strix-z370-h-gaming-ddr4-8th-gen-intel-lga1151-socket-mainboard.html,"17,750

"
Asus TUF Z390-PRO GAMING DDR4 8th/9th Gen Intel LGA1151 Socket Mainboard,https://ryanscomputers.com/asus-tuf-z390-pro-gaming-ddr4-8th-9th-gen-intel-lga1151-socket-mainboard.html,"18,000

"
Gigabyte Z390 AORUS PRO WIFI DDR4 8th/9th Gen LGA1151 Socket Mainboard,https://ryanscomputers.com/gigabyte-z390-aorus-pro-wifi-ddr4-8th-9th-gen-lga1151-socket-mainboard.html,"18,600

"
Asus TUF Z390 PLUS GAMING (WI-FI) DDR4 9th Gen Intel LGA1151 Socket Mainboard,https://ryanscomputers.com/asus-tuf-z390-plus-gaming-wi-fi-ddr4-9th-gen-intel-lga1151-socket-mainboard.html,"18,800

"
MSI X470 GAMING PRO CARBON DDR4 AMD AM4 Socket Mainboard,https://ryanscomputers.com/msi-x470-gaming-pro-carbon-ddr4-amd-am4-socket-mainboard.html,"19,000

"
Asus P10S WS C236 DDR4 Intel Xeon/6th/7th Gen LGA1151 Socket Mainboard (For Workstation / Server),https://ryanscomputers.com/components/mainboard/asus-p10s-ws-c236-ddr4-intel-xeon-6th-7th-gen-lga1151-socket-mainboard-for-workstation-server.html,"20,100

"
Asus ROG STRIX X470-F GAMING DDR4 AMD AM4 Socket Mainboard,https://ryanscomputers.com/asus-rog-strix-x470-f-gaming-ddr4-amd-am4-socket-mainboard.html,"20,900

"
Asus ROG STRIX Z390-F GAMING DDR4 8th/9th Gen Intel LGA1151 Socket Mainboard,https://ryanscomputers.com/asus-rog-strix-z390-f-gaming-ddr4-8th-9th-gen-intel-lga1151-socket-mainboard.html,"21,000

"
Asrock Z370 Taichi DDR4 8th Gen LGA1151 Socket Mainboard,https://ryanscomputers.com/asrock-z370-taichi-ddr4-8th-gen-lga1151-socket-mainboard.html,"21,600

"
Gigabyte Z390 AORUS ULTRA DDR4 8th/9th Gen LGA1151 Socket Mainboard,https://ryanscomputers.com/gigabyte-z390-aorus-ultra-ddr4-8th-9th-gen-lga1151-socket-mainboard.html,"21,800

"
Gigabyte X470 AORUS Gaming 7 WIFI AM4 Socket AMD Mainboard,https://ryanscomputers.com/gigabyte-x470-aorus-gaming-7-wifi-am4-socket-amd-mainboard.html,"22,000

"
Asus CROSSHAIR VI HERO X370 DDR4 AMD AM4 Socket Mainboard,https://ryanscomputers.com/asus-crosshair-vi-hero-x370-ddr4-amd-am4-socket-mainboard.html,"22,800

"
Asus ROG STRIX Z390-E GAMING DDR4 9th Gen Intel LGA1151 Socket Mainboard,https://ryanscomputers.com/asus-rog-strix-z390-e-gaming-ddr4-9th-gen-intel-lga1151-socket-mainboard.html,"23,200

"
Asrock Fatal1ty X299 Gaming K6 DDR4 Intel Extreme Series LGA2066 Socket Mainboard,https://ryanscomputers.com/asrock-fatal1ty-x299-gaming-k6-ddr4-intel-extreme-series-lga2066-socket-mainboard.html,"27,000

"
MSI MEG Z390 ACE DDR4 8th/9th Gen Intel LGA1151 Socket Mainboard,https://ryanscomputers.com/msi-meg-z390-ace-ddr4-8th-9th-gen-intel-lga1151-socket-mainboard.html,"27,500

"
Asus ROG MAXIMUS XI HERO Z390 DDR4 9th Gen Intel LGA1151 Socket Mainboard,https://ryanscomputers.com/asus-rog-maximus-xi-hero-z390-ddr4-9th-gen-intel-lga1151-socket-mainboard.html,"27,700

"
Asus ROG MAXIMUS IX APEX DDR4 7th Gen.LGA1151 Socket Mainboad,https://ryanscomputers.com/components/mainboard/asus-rog-maximus-ix-apex-ddr4-7th-gen-lga1151-socket-mainboad.html,"28,000

"
ASUS ROG Crosshair VI Extreme (X370) DDR4 AM4 Socket AMD Mainboard with M.2 USB 3.1 WiFi and AURA Sync RGB,https://ryanscomputers.com/asus-rog-crosshair-vi-extreme-amd-ryzen-am4-ddr4-m-2-usb-3-1-eatx-x370-motherboard-wifi-and-aura-sync-rgb.html,"31,200

"
Asus ROG MAXIMUS X APEX Z370 DDR4 8th Gen Intel LGA1151 Socket Mainboard,https://ryanscomputers.com/asus-rog-maximus-x-apex-z370-ddr4-8th-gen-intel-lga1151-socket-mainboard.html,"32,000

"
Asus ROG MAXIMUS XI HERO (WI-FI)/CE Z390 DDR4 9th Gen Intel LGA1151 Socket Mainboard,https://ryanscomputers.com/asus-rog-maximus-xi-hero-wi-fi-ce-z390-ddr4-9th-gen-intel-lga1151-socket-mainboard.html,"33,000

"
Asus ROG MAXIMUS XI CODE Z390 DDR4 9th Gen Intel LGA1151 Socket Mainboard,https://ryanscomputers.com/asus-rog-maximus-xi-code-z390-ddr4-9th-gen-intel-lga1151-socket-mainboard.html,"33,500

"
MSI Z170A GAMING M9 ACK DDR4 6th Gen.LGA1151 Socket Mainboard,https://ryanscomputers.com/components/mainboard/msi-z170a-gaming-m9-ack-ddr4-6th-gen-lga1151-socket-mainboard.html,"39,000

"
Gigabyte Z390 AORUS XTREME DDR4 9th Gen Intel LGA1151 Socket Mainboard,https://ryanscomputers.com/gigabyte-z390-aorus-xtreme-ddr4-9th-gen-intel-lga1151-socket-mainboard.html,"52,000

"
