Product Name,Link,Price
AMD Ryzen 3 2200G Quad-Core Processor With Radeon Vega 8 Graphics,https://www.startech.com.bd/amd-ryzen-3-2200g-processor,"9,300"
Intel 6th Generation Pentium Processor G4400,https://www.startech.com.bd/intel-6th-generation-pentium-processor-g4400,"7,000"
AMD RYZEN 5 1400 4-Core 3.2GHz Turbo Core Speed 3.4GHz Processor,https://www.startech.com.bd/amd-ryzen-5-1400,"13,500"
Intel Pentium Gold G5400 8th Gen Processor,https://www.startech.com.bd/intel-pentium-gold-g5400-8th-gen-processor,"7,300"
AMD Ryzen 5 2400G Desktop Processor with Radeon RX Vega 11 Graphics,https://www.startech.com.bd/amd-ryzen-5-2400g-processor,"14,500"
Intel 7th Generation Pentium Processor G4560,https://www.startech.com.bd/intel-7th-gen-pentium-processor-g4560,"7,800"
AMD Ryzen™ 5 2600 Processor,https://www.startech.com.bd/amd-ryzen-5-2600-processor,"17,700"
Intel® 7th Generation Core™ i3-7100 Processor,https://www.startech.com.bd/intel-7th-gen-core-i3-7100-processor,"11,000"
AMD Ryzen 5 2600X Processor,https://www.startech.com.bd/amd-ryzen-5-2600x-processor,"20,200"
Intel 8th Generation Core i3-8100 Processor,https://www.startech.com.bd/intel-8th-gen-core-i3-8100-processor,"11,000"
AMD Ryzen 7 2700 Desktop Processor,https://www.startech.com.bd/amd-ryzen-7-2700-processor,"27,000"
Intel® 7th Generation Core™ i5-7400 Processor,https://www.startech.com.bd/intel-core-i5-7400,"16,500"
AMD Ryzen 7 2700X Processor,https://www.startech.com.bd/amd-ryzen-7-2700x-processor,"30,000"
Intel® 7th Generation Core™ i5-7500 Processor,https://www.startech.com.bd/intel-7th-generation-core-i5-processor,"17,500"
AMD Ryzen Threadripper 1900X 8-core/16 thread Desktop Processor,https://www.startech.com.bd/amd-ryzen-threadripper-1900x,"43,500"
Intel Core i5-7640X X-series Kaby Lake Processor,https://www.startech.com.bd/intel-core-i5-7640x-x-series,"20,800"
AMD Ryzen Threadripper 1920X 12-core/24-thread Desktop Processor,https://www.startech.com.bd/amd-ryzen-threadripper-1920x-processor,"45,000"
Intel 8th Generation Core i5-8400 Processor,https://www.startech.com.bd/intel-8th-gen-core-i5-8400-processor,"20,000"
AMD Ryzen Threadripper 1950X 16-core/32-thread Desktop Processor,https://www.startech.com.bd/amd-ryzen-threadripper-1950x-processor,"71,500"
Intel 8th Generation Core i5-8500 Processor,https://www.startech.com.bd/intel-core-i5-8500-processor,"23,200"
Intel 8th Generation Core i5-8600k Processor,https://www.startech.com.bd/intel-8600k-i5-processor,"23,600"
Intel 9th Generation Core i5-9600K Processor,https://www.startech.com.bd/intel-core-i5-9600k-processor,"24,600"
Intel® 7th Generation Core™ i7-7700 Processor,https://www.startech.com.bd/intel-7th-gen-core-i7-7700,"29,000"
Intel 8th Generation Core i7-8700 Processor,https://www.startech.com.bd/intel-8th-gen-i7-8700-processor,"32,000"
Intel 8th Generation Core i7-8700K Processor,https://www.startech.com.bd/intel-8th-gen-i7-8700k,"36,500"
Intel 9th generation Core i9-9900K Processor,https://www.startech.com.bd/intel-core-i9-9900k-processor,"47,500"
Intel® 6th Generation Core™ i7-6900K Processor,https://www.startech.com.bd/intel-i7-6900k,"80,500"
AMD Ryzen™ Threadripper™ 2990WX Processor,https://www.startech.com.bd/amd-ryzen-threadripper-2990wx-processor,0
Intel Core i9 7900x X-series Skylake Processor,https://www.startech.com.bd/intel-core-i9-7900x-x-series,"80,800"
Intel 9th Generation Core i7-9700K Processor,https://www.startech.com.bd/intel-core-i7-9700k-processor,"38,000"
